id,name,popularity
6wQYKyGePaqstYov2C1S5b,C'est La Vie,40
0byab45cmZntz74RxcASrf,Close To Me (with Diplo) (feat. Swae Lee) - Felix Cartal Remix,28
40xLrjniJVkxuWbka7KavC,Decisions (feat. Maia Wright),65
3FClUxQc36bQc6kNlXzadI,Don't You Know,41
2yuoF9C4QF9kCsoDf3yUHP,Feel the Same - EDX Dubai Skyline Remix Edit,49
1cvV7wnlnfLbRqTtOXb3ea,Generous - Martin Jensen Remix,52
6xNFuMfZKk0itLO2qAqBJq,Heart For Sale - Extended Mix,50
7HEzvBAUrPR4XgZ7wW6K2Q,I Know - Landis Remix,24
53hNIcq8OLj9OUNvQ4ulFM,Love Me,66
0BOEuUKoHdy8in20fG5smd,Messy,59
2rzGN2eI7TsJe5xzx9sOb2,Op Opa,55
5ujfEQy6QtGGzHLQOd5gqc,Right Now,43
38xh0iuhkYiymc1cm3HhD1,Runnin',45
4bAmAVdks2Y84VNVVLXFwN,Show Me Love - EDX Remix / Radio Edit,61
59pC3ONM6ggVn0CYi0l1KD,SLOW DANCING IN THE DARK - Loud Luxury Remix,59
2ewW50QGufVvqP959lB8F9,Stop Being Yourself,56
1Cfws8y490Zpsqsyeme6V1,Sun In Our Eyes - Don Diablo Remix,61
0Vcv54XfyE2oktzHSZMxhr,Throwback,52
108r6pnZHStBIktpyyps9w,TIME,61
6u8MYoxXvAHNR0enhdUqgd,WESTWORLD,55
5G5utwWW1KmWGM5e2EkseP,What Do We Do,32
0LCgZWyipnF0smeR6B3e6A,Where You Want Me At,51
5EpR6BqAnwR9PPl6sIrzGy,Who's Got Your Love,60
56UuQKt0DUeLUOD8o98QFR,Without You - Merk & Kremont Remix,42
2qrLtymuMxLCdLCWjqiXvr,You're Mine,18
7HdZY9UJTylIiNcSDFyUDc,Miss You (with Major Lazer & Tory Lanez),61
5lNuqFVMca4vPupY10cH0J,No Promises (feat. Demi Lovato),65
50phRe11Y2nC2N968jVU53,Wait (Featuring Offset & Vory),56
43V1z6QToNNWNldV4FEG6r,Body,16
09IStsImFySgyp0pIQdqAc,The Middle,82
3kMeE1blR28hmamxMvBQTQ,Go with the Flow,54
6QcIPGlQpohjUNPpIv1OsB,Both of Us,4
2lYTJK94hb0fd1LQtb6Dhk,Don't Leave Me Alone (feat. Anne-Marie),69
1MtUq6Wp1eQ8PC6BbPCj8P,I Took A Pill In Ibiza - Seeb Remix,70
6kPJZM97LwdG9QIsT7khp6,Solo (feat. Demi Lovato),79
7LR2nZOAmgApHf2q3m1WW0,Chasing Fire - Robin Schulz Remix,54
5DpwdlFPhXJSmgVMQMtlmU,I Love It,42
5xzCzOAOfRi4DOttSzvznR,Lullaby,68
3zU9rdflI65tK4dkkNSp77,Heroes (we could be),69
6qwnniheVNwDX78wDyYrxW,Me And My Friends,17
2h0tRwrrfpJ2npDyPW1g0u,IDWK - Loud Luxury Remix,44
1faUP4Tp7du3nCSVBoIO6e,Freak On,38
2ufPKjbgAVnuqEZXQ3YHEN,Can You Feel Me (Chez Remix),0
3EBkSsvod8DflnNLGvx0QR,Not Going Home (feat. Gia Koka),59
47165S9Ppynsd9rIzVG4uS,Nobody Compares To You,6
3kGfazcbVvVkuZunzlLgTD,Came Here for Love,69
0dzKKW6FzIT7C38BdQBbgw,One More Weekend,53
6EdmDl0EuPAWh07RJV74hj,Bones,25
5rGoJduLeEqqyBmfqJTe5E,Live Like This,43
15fZrZhdK0g1BS9sDeW6sD,Love No More,56
2dpaYNEQHiRxtZbfNsse99,Happier,88
2iUXsYOEPhVqEBwsqP70rE,Youngblood,81
1vvNmPOiUuyCbgWmtc6yfm,My Way,74
1louJpMmzEicAn7lzDalPW,No Promises (feat. Demi Lovato),70
6qZuKQYd45g65eeW25avza,Origami,16
6vjWim6xU6tPjA42GxSp1U,Something About You - ODESZA Remix,61
7vGuf3Y35N4wmASOKLUVVU,Silence,79
21pNGvUyQ8NjcfRrzge25F,What If I Go?,51
66ech4DQe8HV62FCFDlQDm,Need Somebody (Remix),41
37DoAhdVDebQsomL2kRmaw,Calabasas,42
6k4Flvu1tcz8vWAfcaxEPP,Straightjacket - Shallou Remix,47
2ULg8Cw0Ckn5JDGUkCNXko,Hung Up,49
1UMQ9VXdKGiAHIGD5fWX2B,Iron & Steel,55
7CotyU8EcChJlqOFnxPPmI,Can't Hide,57
75NhhYjHO43mvZgYtnXgti,Lonely Together (feat. Rita Ora),70
6JSTfwAtyVv3HrLt2UGURG,Give It All Up (feat. Gia Koka),19
4g64deYSvQZ4w9uGpYz2sL,Fire,57
1lWoanAmIk1PZisbP5LmwT,How to Love (feat. Sofia Reyes),46
1XELG5CHAWnsOufEDKogyU,Don't You Think (feat. Aanysa),0
5jVCcm5rrLJVuthwdvjKPw,I Like Me Better - Cheat Codes Remix,1
2uHSDyFByIUeTUAxZCTRp0,Full Circle,60
1gwwNLcYQRnzvkBhwDjUX3,Crazy Love,50
5XsJl0ZlufrT0EVaDDtBLn,Curious,42
3MdXljQymY43YwHw1N0lOd,Let You Go,54
4268VB0Nw8nKTl2WEpU2oD,"Cool (feat. Marc E. Bassy, Gucci Mane)",34
3UdZ07wbVCN7aZxGBXjMia,The Night,39
2ARqIya5NAuvFVHSN3bL0m,The Middle,25
2idTnDVMIFBqdoHodX8WQc,Look At Us Now,51
6mUwMth1MQT8NVSMI7lKjx,Shake Something (feat. Joey Purp),57
5qYp1Wf3gh0lGWdIS5lIrX,Trust Nobody (feat. Selena Gomez & Tory Lanez),57
4lxy9f7o28AEttUFHXwe9P,Smoke & Retribution (feat. Vince Staples & Kucka),1
5WHuMGV9ziKEJHxEr0dMPo,These Heights,3
1NDxZ7cFAo481dtYWdrUnR,Pretty Girl - Cheat Codes X CADE Remix,73
4XGqzhzg4PDmdPEMWmi7r8,Parallel Lines (feat. Happy Sometimes),46
4t8bZ8dxZtatpjOpBrAnUW,Lost And Found - ODESZA Remix,34
3NpsflsHTAoand4Jl3ruP7,Back To Me,48
149Rcv6foJRa7COnnmUkNs,Drive Me Home - GOLDHOUSE Remix,49
5LZQ5s0kRZS9nBSd1xLK7U,Trndsttr (feat. M. Maggie) - Lucian Remix,61
79YOrrMNEKdPqeY9n3y36Q,You Got Me,0
2IQB5iBapo0Y37Yc0PtIZc,Contact,58
4Q7uJoiHAwtJPE1iPmzaRE,Love Again,38
5WEfP0V1NKhsbWxX1Zab1c,UFO,53
4Xx4oojaE3MlJKpgtilgp1,Yung Luv,53
62N2JSA0jHmSH7Va9t7hIf,Habits (Stay High) - Hippie Sabotage Remix,62
58iIf2x7PcjRDNNq5fDcPc,High on You,43
5WI2ltQIdwgzf1SNE76JyR,Never Be Like You (feat. Kai),66
630NcCRy9UpGgVKEPBQSIH,Can't Fight It,51
28BEwylPqT4eAmVYbhC3iL,Low Life,40
4OK9L5YHE3pVQWJjNqK56k,Drunk & I'm Drunk,54
3z9vFcaMAFQy17E8o2A9wR,Not About You,40
2XMTqoHHSH0lvuXrvIEdco,Capsize,71
5aOpzm8W8zysk4asB9hxJw,Say It (feat. Tove Lo),62
7boPPE857KEqCIHNwFkDop,Audio,18
0EDlULDWMq7mUhj28tvkol,Uninvited,44
514rhnksEwHUh6LxXsQ4Y9,Back To You,72
46x4SztssOJ1KzRjPqVUPk,Brand New (Helium),1
32OBFOWMnexg9lxES26hV1,Next To Me,0
3TxKtkCNR1yQARsvHxvNnP,Tokyo Nights,54
3gDEo3OPNyAs1jMwSebE24,Chasing Fire - Robin Schulz Remix,4
6PPd75Ai9WNPuUfOfAoZjF,Beautiful - Bazzi vs. KREAM Remix,45
3o8bovLXjsxsFBTXajm1VA,Middle Finger,60
01k24g94i1JvkFLQmVEdCd,If You're Over Me,70
3u1S1OmAUhx5DRlLrXqyp3,Rise,78
7v5qpSARWkbs57TH1N8Zg8,Clean Break,20
26OhjtaTamFocE08t83ml6,"Psycho, Pt. 2",73
76cy1WJvNGJTj78UqeA5zr,IDGAF,80
6wlOciyEdLDqZXlloy2Fmp,Getting Closer,45
6lD9nDl7jBUSIPDMAMZjuD,Anywhere,65
6wR0RLhc2y75cZjEeQIHj5,Mine - Bazzi vs. Jengi Remix,45
1YMBg7rOjxzbya0fPOYfNX,A Different Way (with Lauv),67
37SaYFkbleio2mb4VUvvXI,Be Free With Me (Chez Remix),0
2cXby6bRE7SyQ9nQVRYKBT,Castles,39
0E9ZjEAyAwOXZ7wJC0PD33,In My Mind,83
0A9y4c4dkI68IEnsRGtWil,My Lover - Radio Edit,61
6FRLCMO5TUHTexlWo8ym1W,Girls Like You (feat. Cardi B),80
0WVAQaxrT0wsGEG4BCVSn2,Born To Be Yours,65
3a4UuAErF1VMAkwqzkc1tj,Wishing Well,9
6lFbdi743kgerMZDjSqbuA,Pumped Up,65
7hCr1IIEbIZGG3fR7Gaptc,Tequilawine,65
5UV4u1vdRO9zvsqe1rjNBO,Feels So Good ◑,49
45w70aQhNwke1yrQZO0ffm,Do Right,55
1wnqgK5MLxb91bV9obkRPX,Fine,40
5YeHLHDdQ4nKHk81XFWhCU,successful,66
1wjzFQodRWrPcQ0AnYnvQ9,I Like Me Better,81
6ThLMfCXaWHtv0UEvnM8Do,Not So Bad in LA,20
17o7MI50D0SjBvlYsaHDqi,This Song,50
5dASpsaEPDq5ZC9vv5Sn9s,More Than I Do (feat. Oferle),0
4eoCm1tAMt8Mu0f2UW9TdW,Girls Like You,57
1YEw6iUZurigCZgtg91VKu,Habits (Stay High) - Oliver Nelson Remix,39
2x6osQWSOA7O1623IPQ0Wc,These Walls (feat. Tim Riehm),37
6TPIQmUl7e9o9NQni6cvVz,Fight It,42
4Vpjh5VlV7rnPZGqVJUxrV,Almost Back (with Phoebe Ryan),48
2ZKOM0Rjap2QhAugw63uGS,Dance With Me,23
1y2zwV3npol6xxJHxnEdjE,Feeling for You,21
3ZMsVbuvuUMQ6kzglsU2UW,G2g TTyL (Ricii rEMIX),31
1PkamXv2nRdDqtxzIKY7DT,Insomniac,25
4pMk3pOh6dGiZYrLql4Fu1,5 AM,43
5URgBA9jDxEu3YShbGfnSj,Fall For U,47
2uDxSfJSJbOFEdiKInKKB1,Pray to You,29
5n7CLdWStNPCTKtMueIu6v,Perfect,36
38Uf2yeWNuYossog57GFfN,Idwgaf,46
2xLMifQCjDGFmkHkpNLD9h,SICKO MODE,84
4Xf4XTwmxHIm24UcDjOuzV,Toluca Lake - Imad Remix,58
3vbkMO3A7nKlEsz2Uay8nU,Do You Speak French,46
5lJAZ8IMBzfeWcV3PjCMMO,Leather in The Rain (feat. Kyndall),61
3OTnKtovq34lEW0KEJc5z0,Summer in the City,49
0nBkfiPviDubY0HwMoqrm4,X's,49
7bCer4M8MED1kVoDZN6QoX,Stop Me from Falling - Joe Stone Remix,37
7kHCuyratQoSE2Vx4LViXs,Drunk - Girls Love DJs Remix,34
3CiBI1yRg9oUygxCOXlxUq,Way Out,38
1v7ieSIGSuV9mPjKnUGVs8,Run Free - LODE Remix,28
2E3eOycFibF2NW5ccWZHAK,Just for One Night (feat. Astrid S) - JLV Remix,34
0BTEuGrZVHpQaM65sXgBrJ,Wild Dream (feat. Red Robyn),31
4OafepJy2teCjYJbvFE60J,breathin,77
2RvXhY9s8n4Y44l1pL2up8,Indivisible (Stil & Bense Remix),5
5txUvl9hfBJ0Yg8vAzGpSb,Somebody,45
6bOl5FnEASu2y5UKoCratX,Ain't Drinking Alone,3
4kL66iksPrNaqzKYlzDgoa,Breaking News (with RAYE),57
1EDpJKQEGfXcdlRlEeSD5Q,Castaway,54
5JEx7HbmvHQQswJCsoo9rA,Close To Me (with Diplo) (feat. Swae Lee),82
55a4T3yJwr1ZVcKEprSwXC,Emoji,53
7pNNFcYN2N1T0lOKMHL8u9,Home - Tritonal Remix,39
2SUGiEaWclFc6XYdL71wqA,Listen Closely (feat. SAFE),54
3PTMcrpi5tbHzc8xxOZ8lG,Nothing On Us,61
5tAa8Uaqr4VvA3693mbIhU,Ruin My Life,79
14gdcYmHyORy3ZnvLwZzRV,THE SHIT,50
7FjZU7XFs7P9jHI9Z0yRhK,So Close,78
2rPE9A1vEgShuZxxzR2tZH,"thank u, next",43
3LaQ1GajOXoUeiTA9UAcCK,There's No Way (feat. Julia Michaels) - Alle Farben Remix,54
3UADr5hqpveJTBHXKbdA23,Trust in Me,54
6qNALlmZa1ESnCxJmXE1K9,The Way I Am,69
1wYA2W8L5jQdtP6y35g1aj,Yesterday,41
2EOKBWB1oBUulPP5pWAzoP,Let Go,20
2m7QTaFkY4n1EEqZyVvAPe,Make Me Feel - EDX Dubai Skyline Remix,49
1Q5tgksw03lk1k0TXAMvQu,Mood,46
4402YDOEPG1HiiFVjy07QB,The Wire,48
6n4HfHDAvFV8Ukf0TSwmQu,Top of the World,1
59XzetBvYTk4xeNmUmFfBG,My Everything,25
7hAWkQaijMm2fGArP97A10,Love You Right,34
076rcQgm59KaoehaKRkT7Y,Wanna Be Love,6
3DQfhHfUwbeDfY9L9aVOY9,We Can Be Together,43
4m85EKqUwLsIm1ldig1scW,Find My Way,14
56SHxd1fNd564p7kS6URmz,Hurting,6
3F9hH6dMauIl38L6tKNP4G,Needed You,32
6XL6TliCQ2CCQUHsGUxWmb,Peace Out,23
6znHmPMVgcZOO1XfEjyyP7,No One Like You,44
0RZRRgqsXXcXOnAxXKZtka,Your Name,36
0V3zlYcGSgt46sF1I3YpN0,Drowning (Nitti Gritti & Shndō Remix),35
2OpnKI8ztGSTFshxjYFiYx,Better Now,36
3JUsu7xytJHPATvlbNBeOM,Because Of You,45
4FLkdTiZXMJqenotH0M5FP,Silverlined - Radio Edit,51
7iZNSpGlLbfuyKBFkZZrvT,Saturday Night,39
5n4slZDIIcFdCOtUTvSF1W,One In A Trillion,51
0EdhH0Oq2LsK3IAoPEB8Vl,Figure You Out - Tom Ferry Remix,44
42gJat74CEyy3jPliCVKOC,Play My Song (feat. Dee Ajayi),39
0EYklWGtHN6qH25uKbaSf3,Over the Limit - Original Mix,22
22fRcII6LTYa4R50Q8pgcY,My Life,41
0Z3dF1vcTuTcNJe0OhKtlw,Discovery Channel,55
11PpNJmnzgUJsHlkOHYkhz,A Kid with a Dream - Fort Arkansas Remix Edit,33
79zjU6YFpnCTf2WeHuPaBC,Indiana,58
1QhyCPHfGYCGYTu1T6YYEo,Save Me,44
0l0bCXStLpDNSDkvCh3b0j,Things I Said,44
5HCMxtjQaeLrNQOT5qRksq,Oasis - Kyco x Barkley Remix,56
2uZIhUb2rqohZb3eUdLkAb,Like U,47
6tB4XVKceo2307SSWXaO0y,Just Friends,61
7cqAFgoiLLrZbVVR2YO0YC,Hide & Seek - VIP Radio Edit,42
6jKbDMEDQgctaEyH3tktNP,Casual - Felon Remix,35
0JshnWfAOhnJiob29TL7XO,You Might Be (feat. Lils) - GoldFish Remix,57
5fzyM6jVif4SRcXpdX6mAJ,Strangers - Radio Edit,47
6IFOtpwEHQfzyxYNY19y9v,Where You Want Me At - Extended Mix,13
4HgFjSzcLbVb5XgzfhvlVx,I Miss You,49
7cg4lTBzjMB704IDg5nZcS,Back to You,53
37TAmcRL0C6BmdSfTG7pnX,Give It to Me,49
6jXW2nHRS53cJmlED5PsGC,California - TRU Concept Remix,42
1xn0gyE2x0FPzSjIlGNc3h,Said to You,43
5QIKZWOHDPbGh5EpSqCXMG,All the Things,60
79iXIJKvBF0kI8aKZq78PB,Island in the Sun,59
5Rckv0KlMnXFc1m6HFIipn,Show Me the Way,38
2YyVBV0klw0T6EvSVkCpuW,Back To You - Riton & Kah-Lo Remix,57
0sewAzEf4LPv74l9Zpjvr9,Highway,40
5FH8FTgGYT8sjXHMQtviC3,Deep Of The Night,34
52wv7qTBhjY1dLhtK5TUB5,By My Side,18
2Qkb9WNpWE9uJuP1srUmpm,How Does it Feel,42
4eTdAPz2rxPu3Rx4or0i9e,I Would Like,53
2hvRHQKgsj1NlxX1GyJBXN,F.E.E.L.,56
0qNZFUSRdjlELqeyxegq6A,The Look of Love,57
7anJjQNSjKhPfkvRGBKiHJ,Heroes (we could be) - Amtrac Remix,31
4Ptzp31UszO8vPqoSKtr8U,Memories,48
74miq4ubMDpEZWtdEh8u9R,Sunday,54
5e3sZ8Mi0lzUy7qgFWIqHq,Don't Let Me Go,16
7vNBXuFDkYrN2qsUk8hiEJ,What U Want,34
7mlOgjP1dCg36dnF9yXlhO,Things I Do For Love,39
32DZaPI86o57TZUZbh6587,New Rules,53
6ml4HmG8o9zcqUiR3HW0Jb,Somebody Like You,55
7Ipab56QLTyTR54rzQCJLr,Who Cares,55
22g4zqxXzZW1laM31gT2Yz,Only Tonight,41
611dhtlcaJCE71pKHyNdqV,Still Think About You - Imad Remix,46
3AmsvyXCTarGYmjfMP2RbK,Routines (What It Is),24
1GgLWuPrzh6mOnAjj3T9CC,One More Time,28
6aOoI1wfVF6xoj0mmyW4eE,Runaway,37
40tF4AA5hOwgQFmnN4KoSV,Head Over Heels,45
18w23eQ7AC9vbguzngFzIq,2 Million Ways,42
7IMGshuSNOXHgmboboPpIH,BAD!,65
7E4JjEBNJSBbSr8FLLfoKk,Missing You - Casp:r Remix,37
5uy1SEASb2BgGeOIoLfhPK,Chimera - Steve Kroeger Remix,11
59ejwWfnW1VToaG30KReZL,Jealousy - GOLD RVSH Remix,49
0SVvv5Xq5U0kVcNWsUul2Y,Look Away,37
52dsoKTcQwmOEwSRvoD2Ae,Obviate,37
5Jrqed6NMJGX0myYXR7s9X,Not a Goodbye,49
70nr0Rr3BFoxZo8ZOAgHdE,Thinkin Bout U - VIP Mix,36
1f4p1hDsYdSrgmNeIlwpad,Bad Timing (with loren north),40
7kGIyYQc44EQcJR3HH314y,Better Not (feat. Wafia) - Shaun Frank Remix,43
19Y4vTCoDl0Nu4fnO6jMZE,Dirty Mind - Disco Fries Remix (feat. Ty Dolla $ign) - Disco Fries Remix,33
6D5pfooPP6hi99RaXjkDsP,Summertime Sadness [Lana Del Rey vs. Cedric Gervais] - Cedric Gervais Remix,13
